Country,Month (YYYY-MM),Arrivals,Departures,No of holidays
Indonesia,2024-12,341960,311140,2
Malaysia,2024-12,337008,323182,1
Philippines,2024-12,123812,155269,5
Thailand,2024-12,279506,294105,4
Vietnam,2024-12,105848,110293,0
Mainland China,2024-12,361183,370922,0
Hong Kong,2024-12,114321,117393,2
Japan,2024-12,183767,184868,1
France,2024-12,22678,20721,1
Germany,2024-12,44055,37640,2
United Kingdom,2024-12,73704,64337,2
Indonesia,2024-11,296314,279388,0
Malaysia,2024-11,294907,283893,0
Philippines,2024-11,124727,132282,3
Thailand,2024-11,254727,262393,0
Vietnam,2024-11,98116,99247,0
Mainland China,2024-11,303665,310214,0
Hong Kong,2024-11,104845,108816,0
Japan,2024-11,160275,164753,3
France,2024-11,22629,23038,2
Germany,2024-11,40337,40496,0
United Kingdom,2024-11,62824,62678,0
Indonesia,2024-10,305697,296812,0
Malaysia,2024-10,294533,277645,1
Philippines,2024-10,117373,112951,0
Thailand,2024-10,227143,240145,2
Vietnam,2024-10,92505,94470,0
Mainland China,2024-10,315351,354325,7
Hong Kong,2024-10,90911,110736,2
Japan,2024-10,157862,166854,1
France,2024-10,28054,24341,0
Germany,2024-10,46925,38493,1
United Kingdom,2024-10,74168,56957,0
Indonesia,2024-09,309639,291753,1
Malaysia,2024-09,307150,278352,2
Philippines,2024-09,108697,106058,0
Thailand,2024-09,212885,201734,0
Vietnam,2024-09,89246,88180,3
Mainland China,2024-09,319703,294733,3
Hong Kong,2024-09,94312,87019,1
Japan,2024-09,136102,148473,3
France,2024-09,43965,45284,0
Germany,2024-09,25495,25717,0
United Kingdom,2024-09,71966,73713,0
Indonesia,2024-08,321967,303902,1
Malaysia,2024-08,313313,288558,1
Philippines,2024-08,120640,116345,2
Thailand,2024-08,225976,229118,1
Vietnam,2024-08,103303,95184,1
Mainland China,2024-08,363853,395409,0
Hong Kong,2024-08,97783,109486,0
Japan,2024-08,141052,144822,1
France,2024-08,26144,27348,1
Germany,2024-08,43692,47506,0
United Kingdom,2024-08,72280,75126,0
Indonesia,2024-07,315797,335010,1
Malaysia,2024-07,314827,290725,2
Philippines,2024-07,129017,132825,0
Thailand,2024-07,237235,225958,2
Vietnam,2024-07,106354,95446,0
Mainland China,2024-07,383622,323755,0
Hong Kong,2024-07,105586,91851,1
Japan,2024-07,138181,117217,1
France,2024-07,26993,24399,1
Germany,2024-07,47057,40835,0
United Kingdom,2024-07,76223,70806,0
Indonesia,2024-06,316588,300657,3
Malaysia,2024-06,315011,292789,3
Philippines,2024-06,142023,128194,2
Thailand,2024-06,234730,232385,1
Vietnam,2024-06,102272,93846,0
Mainland China,2024-06,334891,299377,1
Hong Kong,2024-06,101093,92340,1
Japan,2024-06,145927,133177,0
France,2024-06,24058,24449,0
Germany,2024-06,39254,43656,0
United Kingdom,2024-06,65066,67316,0
Indonesia,2024-05,315076,304347,5
Malaysia,2024-05,292170,280455,2
Philippines,2024-05,121360,125442,1
Thailand,2024-05,222001,224744,4
Vietnam,2024-05,96072,94314,1
Mainland China,2024-05,284250,327809,5
Hong Kong,2024-05,83052,92920,2
Japan,2024-05,140060,149748,4
France,2024-05,22187,26116,4
Germany,2024-05,37376,47182,3
United Kingdom,2024-05,54799,70077,2
Indonesia,2024-04,304889,305947,6
Malaysia,2024-04,292736,256967,2
Philippines,2024-04,116665,119414,2
Thailand,2024-04,235029,224240,6
Vietnam,2024-04,100406,88687,3
Mainland China,2024-04,307829,283889,3
Hong Kong,2024-04,95685,94171,2
Japan,2024-04,149604,134794,1
France,2024-04,24537,26768,1
Germany,2024-04,38283,47381,1
United Kingdom,2024-04,51949,70156,0
Indonesia,2024-03,295673,297830,4
Malaysia,2024-03,296535,295187,0
Philippines,2024-03,138363,144936,3
Thailand,2024-03,264799,256193,0
Vietnam,2024-03,113009,106501,0
Mainland China,2024-03,324409,330380,0
Hong Kong,2024-03,101577,101369,2
Japan,2024-03,148746,160871,1
France,2024-03,21926,24462,0
Germany,2024-03,39368,41993,1
United Kingdom,2024-03,59507,62452,1
Indonesia,2024-02,283447,279107,4
Malaysia,2024-02,294434,273053,3
Philippines,2024-02,123896,116456,2
Thailand,2024-02,238636,231796,1
Vietnam,2024-02,93909,97902,7
Mainland China,2024-02,324056,342416,8
Hong Kong,2024-02,85465,97038,3
Japan,2024-02,133502,132788,3
France,2024-02,22125,21397,0
Germany,2024-02,38600,38036,0
United Kingdom,2024-02,55732,55856,0
Indonesia,2024-01,307312,297301,1
Malaysia,2024-01,282679,252721,0
Philippines,2024-01,147579,121529,1
Thailand,2024-01,241208,215777,1
Vietnam,2024-01,101950,91137,1
Mainland China,2024-01,301732,222956,1
Hong Kong,2024-01,97242,85169,1
Japan,2024-01,143597,123860,5
France,2024-01,25321,22116,1
Germany,2024-01,39980,38031,1
United Kingdom,2024-01,60395,57803,1
Indonesia,2023-12,320717,295598,2
Malaysia,2023-12,321354,309565,1
Philippines,2023-12,118907,147852,6
Thailand,2023-12,234375,243950,5
Vietnam,2023-12,112292,114660,0
Mainland China,2023-12,265540,271750,0
Hong Kong,2023-12,110292,112413,2
Japan,2023-12,158070,158438,1
France,2023-12,25892,23670,1
Germany,2023-12,38513,35955,2
United Kingdom,2023-12,63883,59844,2
Indonesia,2023-11,286363,278285,0
Malaysia,2023-11,269785,270932,1
Philippines,2023-11,113793,128161,3
Thailand,2023-11,218773,234213,0
Vietnam,2023-11,99028,103383,0
Mainland China,2023-11,190153,206778,0
Hong Kong,2023-11,85882,93838,0
Japan,2023-11,147313,150729,2
France,2023-11,24260,22408,2
Germany,2023-11,36523,35994,0
United Kingdom,2023-11,54274,53430,0
Indonesia,2023-10,312292,293584,0
Malaysia,2023-10,272799,248722,0
Philippines,2023-10,109914,100964,1
Thailand,2023-10,222667,221225,2
Vietnam,2023-10,99917,95429,0
Mainland China,2023-10,205807,224456,6
Hong Kong,2023-10,81671,91481,3
Japan,2023-10,131578,134891,1
France,2023-10,28918,23806,0
Germany,2023-10,42852,37103,1
United Kingdom,2023-10,65715,51708,0
Indonesia,2023-09,309171,288413,1
Malaysia,2023-09,266606,257482,2
Philippines,2023-09,105834,100770,0
Thailand,2023-09,197101,198631,0
Vietnam,2023-09,93035,93052,4
Mainland China,2023-09,210215,190568,2
Hong Kong,2023-09,80709,76001,1
Japan,2023-09,108057,119603,2
France,2023-09,25359,26999,0
Germany,2023-09,40042,41477,0
United Kingdom,2023-09,60266,63181,0
Indonesia,2023-08,316308,296230,1
Malaysia,2023-08,278475,251852,1
Philippines,2023-08,120166,115602,2
Thailand,2023-08,206186,207933,2
Vietnam,2023-08,112809,98781,0
Mainland China,2023-08,243441,266785,0
Hong Kong,2023-08,74061,81706,0
Japan,2023-08,116038,116749,1
France,2023-08,26669,27662,1
Germany,2023-08,42183,45140,0
United Kingdom,2023-08,61509,64656,0
Indonesia,2023-07,320258,346196,1
Malaysia,2023-07,283944,261080,1
Philippines,2023-07,134631,129698,0
Thailand,2023-07,227415,204317,2
Vietnam,2023-07,117479,103139,0
Mainland China,2023-07,263392,211875,0
Hong Kong,2023-07,78733,70789,1
Japan,2023-07,117761,99008,1
France,2023-07,28309,25798,1
Germany,2023-07,47008,41749,0
United Kingdom,2023-07,71819,66770,0
Indonesia,2023-06,319342,297064,4
Malaysia,2023-06,295806,284935,3
Philippines,2023-06,134950,130594,2
Thailand,2023-06,214922,216895,2
Vietnam,2023-06,111167,102865,0
Mainland China,2023-06,184935,170581,3
Hong Kong,2023-06,78942,77530,1
Japan,2023-06,119020,112475,0
France,2023-06,22334,23407,0
Germany,2023-06,40113,44345,0
United Kingdom,2023-06,60390,64978,0
Indonesia,2023-05,295364,297376,2
Malaysia,2023-05,256899,249761,2
Philippines,2023-05,123290,119130,1
Thailand,2023-05,201556,205833,4
Vietnam,2023-05,102932,102171,3
Mainland China,2023-05,132574,156623,3
Hong Kong,2023-05,75345,81104,2
Japan,2023-05,115040,118111,3
France,2023-05,20845,23328,4
Germany,2023-05,37987,44171,3
United Kingdom,2023-05,50777,63065,3
Indonesia,2023-04,262495,254622,8
Malaysia,2023-04,261045,231352,3
Philippines,2023-04,115838,115894,5
Thailand,2023-04,208237,205921,3
Vietnam,2023-04,105687,96153,0
Mainland China,2023-04,126550,117920,3
Hong Kong,2023-04,76541,76242,4
Japan,2023-04,117712,113762,1
France,2023-04,20337,22681,1
Germany,2023-04,37972,47226,2
United Kingdom,2023-04,49612,62538,1
Indonesia,2023-03,253733,258118,2
Malaysia,2023-03,258302,257769,0
Philippines,2023-03,118229,113075,0
Thailand,2023-03,228228,217201,1
Vietnam,2023-03,110179,99121,0
Mainland China,2023-03,90156,87393,0
Hong Kong,2023-03,73512,72582,0
Japan,2023-03,115050,129542,1
France,2023-03,19812,22848,0
Germany,2023-03,41603,48554,0
United Kingdom,2023-03,55242,62851,0
Indonesia,2023-02,215290,221396,1
Malaysia,2023-02,235207,195403,0
Philippines,2023-02,108926,103708,1
Thailand,2023-02,196200,196873,0
Vietnam,2023-02,102251,85879,0
Mainland China,2023-02,50983,39762,0
Hong Kong,2023-02,59409,64846,0
Japan,2023-02,101878,99646,2
France,2023-02,19287,18716,0
Germany,2023-02,40824,42254,0
United Kingdom,2023-02,49882,50882,0
Indonesia,2023-01,237294,236894,3
Malaysia,2023-01,250687,232232,2
Philippines,2023-01,135480,110515,2
Thailand,2023-01,218226,195388,2
Vietnam,2023-01,103236,102736,9
Mainland China,2023-01,36744,31925,9
Hong Kong,2023-01,56563,55876,6
Japan,2023-01,110117,93387,6
France,2023-01,23143,20474,1
Germany,2023-01,46651,43930,1
United Kingdom,2023-01,58315,53678,2
